row,value
TUCR-Pol.II,8.124938737
RC-Pol.II,0.307858391
TUCR-H3K4me3,65.22184875
RC-H3K4me3,0.322758154
