"","gene","partner","cor"
"1","uc.131","DDX19B___7028976770335213",-0.305483956128351
"2","uc.131","LOC105371933___3537283335374859",0.32796937624499
"3","uc.131","LOC105374488___1125963311281056",0.309885520915833
"4","uc.131","ARL10___176365468176415085",0.306503947968416
"5","uc.131","CHESS4269___132525411132534292",0.302788777689779
