"","gene","partner","cor"
"1","uc.1","TMEM201___95888439614877",-0.300518395852833
"2","uc.1","LZIC___99221139995987",-0.303950368397053
"3","uc.1","DFFA___1045653210472556",-0.455386756905945
"4","uc.1","RP5-1113E3.3___1045855510459338",-0.440163678690571
"5","uc.1","UBIAD1___1127319811305720",-0.321983824129407
"6","uc.1","uc.436",0.309914320685435
"7","uc.1","TCF4-AS2___5549217555496392",0.30281277749778
