"","gene","partner","cor"
"1","uc.20","uc.19",0.88218014255886
"2","uc.20","LOC107984951___4441748044419465",0.465908272733818
"3","uc.20","GJD2___3475174634754955",-0.33000215998272
"4","uc.20","LOC105379499___69842276997783",-0.306919144646843
"5","uc.20","CHESS2947___10758361079437",0.338579691362469
"6","uc.20","PTK2B___2731147827462338",-0.316166270669835
