"","gene","partner","cor"
"1","uc.391","ZNF609___6446028964700738",0.313257493940049
"2","uc.391","OAZ2___6468757464703281",0.313679890560876
"3","uc.391","MTFMT___6500150665029639",0.302548779609763
"4","uc.391","MAP2K5___6754260667807117",0.502743178054576
