"","gene","partner","cor"
"1","uc.301","uc.296",0.317719058247534
"2","uc.301","uc.299",0.569909040727674
"3","uc.301","uc.300",0.661084311325509
"4","uc.301","HOXC9___5400009354003491",-0.330818153454772
"5","uc.301","RP11-512C24.3___7441295774419115",0.30688074495404
"6","uc.301","LOC107987004___6304374363046084",0.330770153838769
"7","uc.301","FAM9A___87907628801383",0.313370293037656
"8","uc.301","LOC101928808___146394682146401858",0.302481580147359
