"","gene","partner","cor"
"1","uc.367","uc.368",0.42687978496172
"2","uc.367","uc.369",0.423428612571099
"3","uc.367","LOC105370443___3321751933228190",0.344094847241222
"4","uc.367","LOC105372118___5119290651196549",0.377219382244942
"5","uc.367","uc.80",0.331012551899585
