"","gene","partner","cor"
"1","uc.317","RP11-109A6.2___129700148129702117",0.997945616435069
"2","uc.317","SHQ1___7272570372848475",0.323865409076727
"3","uc.317","CHESS3501___6990502269915476",-0.306417548659611
