"","gene","partner","cor"
"1","uc.335","MGST1___1634714216377189",-0.307048743610051
"2","uc.335","LMO3___1654682616610594",-0.429747762017904
"3","uc.335","RP11-424M22.3___1656741116573940",0.501163990688075
"4","uc.335","TMEM38A___1666112716692322",-0.302932776537788
"5","uc.335","ZNRF2___3028430730381677",-0.313255093959248
