"","gene","partner","cor"
"1","uc.40","EIF4G2___1079704610809035",-0.309271125830993
"2","uc.40","CHESS889___7020108270203571",0.329178966568268
"3","uc.40","LOC101927522___3541590835434730",0.316675066599467
"4","uc.40","PODXL___131500134131556617",-0.303071975424197
