"","gene","partner","cor"
"1","uc.89","TEX36___125575866125683144",-0.304312765497876
"2","uc.89","DHH___4907456749094819",0.320205438356493
"3","uc.89","LOC284294___6410409164423601",-0.302673578611371
"4","uc.89","LINC01428___71464677258282",-0.301831185350517
"5","uc.89","LOC107986108___104630481104910015",-0.308155134758922
"6","uc.89","RP11-125D12.1___159353922159354673",-0.313999088007296
"7","uc.89","LOC105379311___2007871420122766",-0.302613579091367
"8","uc.89","LOC101928775___115739670115744239",-0.321213430292558
