"","gene","partner","cor"
"1","uc.9","uc.5",0.340007679938561
"2","uc.9","uc.6",0.331206950344397
"3","uc.9","uc.7",0.498377612979096
"4","uc.9","uc.8",0.602647178822569
"5","uc.9","uc.10",0.488400892792858
"6","uc.9","LOC105376733___1080901810815658",0.480190558475532
"7","uc.9","LOC105376735___1091361810918697",0.433873329013368
"8","uc.9","LOC107985136___6936768869377247",0.330738954088367
"9","uc.9","LOC102723447___116429329116451732",0.325794993640051
