"","Term","Ont","N","DE","P.DE"
"GO:0005634","nucleus","CC",7932,1880,8.41113026486676e-167
"GO:0005654","nucleoplasm","CC",3512,1037,1.28381297624613e-134
