"","Term","Ont","N","DE","P.DE"
"GO:0005737","cytoplasm","CC",11625,286,0.00000130806479661977
"GO:0030054","cell junction","CC",1298,49,0.0000288415890113219
