"","Term","Ont","N","DE","P.DE"
"GO:0005886","plasma membrane","CC",5637,64,0.000141971212509535
"GO:0071944","cell periphery","CC",5756,65,0.000142617530651242
