"","Term","Ont","N","DE","P.DE"
"GO:0005882","intermediate filament","CC",214,19,0.0000000000000000381018473220882
"GO:0045111","intermediate filament cytoskeleton","CC",251,19,0.000000000000000745822225597154
