"","Term","Ont","N","DE","P.DE"
"GO:0071944","cell periphery","CC",5756,302,0.0000000000000000000115652644627719
"GO:0005886","plasma membrane","CC",5637,297,0.0000000000000000000172748377186286
