"","Term","Ont","N","DE","P.DE"
"GO:0031410","cytoplasmic vesicle","CC",2314,115,0.000000000000000205899749167327
"GO:0097708","intracellular vesicle","CC",2317,115,0.000000000000000226458757312886
