"","Term","Ont","N","DE","P.DE"
"GO:0005882","intermediate filament","CC",214,29,0.00000000000000000250648407028233
"GO:0045111","intermediate filament cytoskeleton","CC",251,29,0.000000000000000200246838873139
