"","Term","Ont","N","DE","P.DE"
"GO:0031514","motile cilium","CC",179,2,0.00154877314933585
"GO:0097524","sperm plasma membrane","CC",6,1,0.0020484800272198
"GO:0097225","sperm midpiece","CC",22,1,0.00749351821737987
"GO:0005929","cilium","CC",611,2,0.0168797010274974
"GO:0001533","cornified envelope","CC",65,1,0.0220010553608128
