"","Term","Ont","N","DE","P.DE"
"GO:0005634","nucleus","CC",7932,1958,1.46669485022379e-167
"GO:0005654","nucleoplasm","CC",3512,1054,2.6802520022983e-125
