"","Term","Ont","N","DE","P.DE"
"GO:0044424","intracellular part","CC",15063,397,0.000000000000438313296149435
"GO:0005622","intracellular","CC",15073,397,0.000000000000514899623806661
