"","Term","Ont","N","DE","P.DE"
"GO:0005634","nucleus","CC",7932,1126,2.61850451393723e-115
"GO:0005654","nucleoplasm","CC",3512,633,5.5482688859223e-91
