"","Term","Ont","N","DE","P.DE"
"GO:0044456","synapse part","CC",938,18,0.000000682627206708812
"GO:0098793","presynapse","CC",491,13,0.000000878301891304616
