"","Term","Ont","N","DE","P.DE"
"GO:0005882","intermediate filament","CC",214,21,0.00000000000000000126192223000449
"GO:0045111","intermediate filament cytoskeleton","CC",251,21,0.000000000000000034116743974964
