"","Term","Ont","N","DE","P.DE"
"GO:0097458","neuron part","CC",1729,100,0.0000000000605428940343348
"GO:0043005","neuron projection","CC",1312,79,0.00000000138734464466714
