"","Term","Ont","N","DE","P.DE"
"GO:0005882","intermediate filament","CC",214,21,0.0000000000000223735240626482
"GO:0045111","intermediate filament cytoskeleton","CC",251,21,0.000000000000522499698938997
