"","Term","Ont","N","DE","P.DE"
"GO:0005882","intermediate filament","CC",214,20,0.000000000000000562595664227166
"GO:0045111","intermediate filament cytoskeleton","CC",251,20,0.0000000000000122371227665277
