"","Term","Ont","N","DE","P.DE"
"GO:0097458","neuron part","CC",1729,226,0.0000000000000000000000000361309168263753
"GO:0043005","neuron projection","CC",1312,177,0.000000000000000000000692431757474646
"GO:0045202","synapse","CC",1171,159,0.0000000000000000000596064559072703
"GO:0030424","axon","CC",606,102,0.000000000000000000184972489551406
