"","Term","Ont","N","DE","P.DE"
"GO:0005882","intermediate filament","CC",214,30,0.000000000000000215262871075935
"GO:0045111","intermediate filament cytoskeleton","CC",251,31,0.00000000000000251482602998285
