"","Term","Ont","N","DE","P.DE"
"GO:0003723","RNA binding","MF",1950,192,5.77031083909199e-36
"GO:0005515","protein binding","MF",11807,593,0.0000000000000000000000000172518208440846
