"","Term","Ont","N","DE","P.DE"
"GO:0003824","catalytic activity","MF",5710,157,0.0000289572599690366
"GO:0003674","molecular_function","MF",17697,392,0.000177410126558988
"GO:0005515","protein binding","MF",11807,281,0.000230059754308508
"GO:0098918","structural constituent of synapse","MF",17,4,0.000353805353196816
