"","Term","Ont","N","DE","P.DE"
"GO:0003723","RNA binding","MF",1950,60,0.0000000196312907985947
"GO:0005515","protein binding","MF",11807,215,0.000000186487931432805
