"","Term","Ont","N","DE","P.DE"
"GO:0005515","protein binding","MF",11807,703,0.0000000000000000000000292880409393214
"GO:0005488","binding","MF",15267,823,0.000000000000000384489353144848
