"","Term","Ont","N","DE","P.DE"
"GO:0051020","GTPase binding","MF",541,57,0.00000000000756073159333314
"GO:0005515","protein binding","MF",11807,539,0.000000000929131840725148
"GO:0031267","small GTPase binding","MF",443,46,0.00000000134438399450162
"GO:0017016","Ras GTPase binding","MF",429,45,0.00000000147896857302706
"GO:0019899","enzyme binding","MF",2217,141,0.00000000158110984292037
"GO:0005085","guanyl-nucleotide exchange factor activity","MF",214,28,0.0000000183871282854062
