"","Term","Ont","N","DE","P.DE"
"GO:0004984","olfactory receptor activity","MF",427,64,1.04570578618111e-51
"GO:0004930","G protein-coupled receptor activity","MF",866,64,0.0000000000000000000000000000000115036089308512
"GO:0004888","transmembrane signaling receptor activity","MF",1277,65,0.00000000000000000000000615152017587021
"GO:0005549","odorant binding","MF",102,23,0.0000000000000000000000468286282064503
"GO:0038023","signaling receptor activity","MF",1484,66,0.00000000000000000000401662818020931
"GO:0060089","molecular transducer activity","MF",1538,66,0.0000000000000000000269657748034715
