"","Term","Ont","N","DE","P.DE"
"GO:0003676","nucleic acid binding","MF",4349,1708,3.03289154439731e-171
"GO:1901363","heterocyclic compound binding","MF",6241,2146,1.42530667582513e-143
"GO:0097159","organic cyclic compound binding","MF",6328,2158,1.04972622253109e-139
"GO:0003677","DNA binding","MF",2518,1102,5.35328315806459e-139
"GO:0005488","binding","MF",15267,4103,1.82567805582572e-138
