"","Term","Ont","N","DE","P.DE"
"GO:0005515","protein binding","MF",11807,516,0.000000000000000280434703893077
"GO:0019899","enzyme binding","MF",2217,148,0.00000000000000340269638391792
"GO:0005488","binding","MF",15267,610,0.00000000000128009644782972
