"","Term","Ont","N","DE","P.DE"
"GO:0004984","olfactory receptor activity","MF",427,51,6.2553185519903e-54
"GO:0004930","G protein-coupled receptor activity","MF",866,52,1.7709251928276e-39
"GO:0004888","transmembrane signaling receptor activity","MF",1277,52,0.000000000000000000000000000000424319519898481
"GO:0038023","signaling receptor activity","MF",1484,52,0.00000000000000000000000000059077244017453
"GO:0060089","molecular transducer activity","MF",1538,52,0.0000000000000000000000000032376727071798
"GO:0005549","odorant binding","MF",102,21,0.00000000000000000000000000464173053170211
