"","Term","Ont","N","DE","P.DE"
"GO:0003674","molecular_function","MF",17697,425,0.00000000692220683038186
"GO:0005515","protein binding","MF",11807,315,0.0000000211291104127458
"GO:0005488","binding","MF",15267,379,0.000000222159595273464
"GO:0098918","structural constituent of synapse","MF",17,6,0.00000108037571447941
