"","Term","Ont","N","DE","P.DE"
"GO:0003676","nucleic acid binding","MF",4349,1148,3.19179467440764e-105
"GO:1901363","heterocyclic compound binding","MF",6241,1456,1.88934189555571e-94
"GO:0003677","DNA binding","MF",2518,763,2.24600919555624e-94
"GO:0097159","organic cyclic compound binding","MF",6328,1462,2.51818943076415e-91
