"","Term","Ont","N","DE","P.DE"
"GO:0005488","binding","MF",15267,3648,5.74366236040768e-101
"GO:0005515","protein binding","MF",11807,3024,1.70445719382199e-100
