"","Term","Ont","N","DE","P.DE"
"GO:0003676","nucleic acid binding","MF",4349,1263,1.41310880694867e-166
"GO:0003677","DNA binding","MF",2518,864,3.27769029253999e-152
"GO:1901363","heterocyclic compound binding","MF",6241,1510,8.50449360501727e-125
