"","Term","Ont","N","DE","P.DE"
"GO:0004984","olfactory receptor activity","MF",427,25,0.000000000000000000000000543042734167608
"GO:0004930","G protein-coupled receptor activity","MF",866,26,0.00000000000000000105778302285402
"GO:0004888","transmembrane signaling receptor activity","MF",1277,26,0.0000000000000123882065919026
"GO:0038023","signaling receptor activity","MF",1484,26,0.000000000000412866076576322
"GO:0060089","molecular transducer activity","MF",1538,26,0.000000000000940012813487472
"GO:0005549","odorant binding","MF",102,9,0.0000000000506603679500212
