"","Term","Ont","N","DE","P.DE"
"GO:0003676","nucleic acid binding","MF",4349,850,4.93118081228756e-137
"GO:1901363","heterocyclic compound binding","MF",6241,1025,3.28010067210592e-119
"GO:0097159","organic cyclic compound binding","MF",6328,1028,3.0534216391894e-116
"GO:0003677","DNA binding","MF",2518,573,8.33637937844905e-112
