"","Term","Ont","N","DE","P.DE"
"GO:0046872","metal ion binding","MF",4189,83,0.000000000000000000356644092223544
"GO:0043169","cation binding","MF",4279,83,0.00000000000000000140827145406126
"GO:0000981","DNA-binding transcription factor activity, RNA polymerase II-specific","MF",1600,46,0.00000000000000185654115171115
"GO:0003700","DNA-binding transcription factor activity","MF",1699,47,0.00000000000000360042606046209
"GO:0043167","ion binding","MF",6218,93,0.0000000000000933685798203812
"GO:0140110","transcription regulator activity","MF",2053,47,0.00000000000375976634596464
"GO:0003677","DNA binding","MF",2518,48,0.00000000122673393811158
