"","Term","Ont","N","DE","P.DE"
"GO:0003676","nucleic acid binding","MF",4349,503,1.11419346355144e-46
"GO:0003677","DNA binding","MF",2518,334,1.69082779271019e-40
"GO:1901363","heterocyclic compound binding","MF",6241,627,6.31895626311646e-40
"GO:0097159","organic cyclic compound binding","MF",6328,631,3.56739470785676e-39
"GO:0005488","binding","MF",15267,1173,2.49195761755741e-37
"GO:0003700","DNA-binding transcription factor activity","MF",1699,251,2.707489163445e-37
"GO:0140110","transcription regulator activity","MF",2053,283,9.94533381927039e-37
