"","Term","Ont","N","DE","P.DE"
"GO:0003674","molecular_function","MF",17697,430,0.000000027338296120537
"GO:0005515","protein binding","MF",11807,316,0.000000141168255470008
"GO:0005085","guanyl-nucleotide exchange factor activity","MF",214,19,0.000000348784930858196
"GO:0051020","GTPase binding","MF",541,31,0.00000171194423121177
"GO:0005488","binding","MF",15267,381,0.00000193275229022481
