"","Term","Ont","N","DE","P.DE"
"GO:0005515","protein binding","MF",11807,1677,4.53371954634609e-63
"GO:0005488","binding","MF",15267,1993,4.99228984991502e-58
"GO:0003676","nucleic acid binding","MF",4349,771,4.90955131665147e-50
