"","Term","Ont","N","DE","P.DE"
"GO:0005549","odorant binding","MF",102,22,0.0000000000000000000161876593351902
"GO:0004984","olfactory receptor activity","MF",427,30,0.000000000000185567351799555
"GO:0004930","G protein-coupled receptor activity","MF",866,33,0.0000000921975183104118
"GO:0005132","type I interferon receptor binding","MF",17,5,0.00000240250843716845
