"","Term","Ont","N","DE","P.DE"
"GO:0003674","molecular_function","MF",17697,840,0.00000000000000000251648315500574
"GO:0005488","binding","MF",15267,757,0.000000000000000087477419694079
