"","Term","Ont","N","DE","P.DE"
"GO:0005488","binding","MF",15267,757,0.000000000000000000000246580701020924
"GO:0005515","protein binding","MF",11807,625,0.0000000000000000000415237884601479
"GO:0043167","ion binding","MF",6218,371,0.000000000000000911853485162643
"GO:0003674","molecular_function","MF",17697,814,0.00000000000002735135239375
