"","Term","Ont","N","DE","P.DE"
"GO:0000981","DNA-binding transcription factor activity, RNA polymerase II-specific","MF",1600,57,0.00000000000000000185867826763116
"GO:0003677","DNA binding","MF",2518,72,0.00000000000000000277074288494502
"GO:0003700","DNA-binding transcription factor activity","MF",1699,58,0.00000000000000000622664339486996
"GO:0140110","transcription regulator activity","MF",2053,60,0.0000000000000020379226374505
"GO:0003676","nucleic acid binding","MF",4349,90,0.0000000000000257990691558867
"GO:1901363","heterocyclic compound binding","MF",6241,105,0.000000000039775826193567
"GO:0097159","organic cyclic compound binding","MF",6328,105,0.0000000000978775118461987
