"","Term","Ont","N","DE","P.DE"
"GO:0003676","nucleic acid binding","MF",4349,1568,5.15061318698737e-136
"GO:1901363","heterocyclic compound binding","MF",6241,2009,6.04611662391193e-123
"GO:0005488","binding","MF",15267,3883,3.4353304847137e-122
"GO:0097159","organic cyclic compound binding","MF",6328,2019,5.0737801382902e-119
