"","Term","Ont","N","DE","P.DE"
"GO:0003674","molecular_function","MF",17697,418,0.000000013412111745731
"GO:0005515","protein binding","MF",11807,306,0.000000255824649031711
"GO:0098772","molecular function regulator","MF",1810,69,0.00000227115602046705
"GO:0051020","GTPase binding","MF",541,30,0.00000259968475398471
"GO:0005488","binding","MF",15267,369,0.00000329400742216816
"GO:0005085","guanyl-nucleotide exchange factor activity","MF",214,17,0.00000433367709036155
