"","Term","Ont","N","DE","P.DE"
"GO:0005515","protein binding","MF",11807,2646,2.10212019239989e-71
"GO:0005488","binding","MF",15267,3206,9.1733242776589e-70
"GO:0003676","nucleic acid binding","MF",4349,1166,9.70991114187669e-56
