"","Term","Ont","N","DE","P.DE"
"GO:0003676","nucleic acid binding","MF",4349,88,0.000000000000244212751158745
"GO:1901363","heterocyclic compound binding","MF",6241,109,0.00000000000073437417771639
"GO:0097159","organic cyclic compound binding","MF",6328,109,0.00000000000195672292045053
"GO:0003723","RNA binding","MF",1950,53,0.00000000000260934183667123
