"","Term","Ont","N","DE","P.DE"
"GO:0003676","nucleic acid binding","MF",4349,137,0.0000000000000000000000000486472726502889
"GO:1901363","heterocyclic compound binding","MF",6241,162,0.0000000000000000000000894502442633234
"GO:0097159","organic cyclic compound binding","MF",6328,162,0.000000000000000000000436740514615922
