"","Term","Ont","N","DE","P.DE"
"GO:0005515","protein binding","MF",11807,94,0.00000278563022710792
"GO:0005488","binding","MF",15267,110,0.00000439417317638684
