"","Term","Ont","N","DE","P.DE"
"GO:0003676","nucleic acid binding","MF",4349,1221,1.93720350784514e-151
"GO:1901363","heterocyclic compound binding","MF",6241,1496,1.37333092750543e-125
"GO:0097159","organic cyclic compound binding","MF",6328,1505,2.57362444487985e-123
"GO:0003677","DNA binding","MF",2518,790,4.58349928347272e-116
