"","Term","Ont","N","DE","P.DE"
"GO:0003676","nucleic acid binding","MF",4349,1261,3.81362298807831e-125
"GO:0003677","DNA binding","MF",2518,841,2.81533844218516e-112
