"","Term","Ont","N","DE","P.DE"
"GO:0004984","olfactory receptor activity","MF",427,18,0.00000000000000000572718502197605
"GO:0004930","G protein-coupled receptor activity","MF",866,19,0.0000000000000871294002895489
"GO:0004888","transmembrane signaling receptor activity","MF",1277,20,0.00000000000817117321895328
"GO:0038023","signaling receptor activity","MF",1484,20,0.00000000012258721850157
"GO:0005549","odorant binding","MF",102,8,0.000000000152331974123893
"GO:0060089","molecular transducer activity","MF",1538,20,0.000000000231581811312759
