"","Term","Ont","N","DE","P.DE"
"GO:0004984","olfactory receptor activity","MF",427,57,5.47192570625682e-63
"GO:0004930","G protein-coupled receptor activity","MF",866,57,3.16455060414456e-45
"GO:0004888","transmembrane signaling receptor activity","MF",1277,58,4.41881343820164e-37
"GO:0038023","signaling receptor activity","MF",1484,58,0.00000000000000000000000000000000162080315391019
"GO:0060089","molecular transducer activity","MF",1538,58,0.000000000000000000000000000000011183906371758
"GO:0005549","odorant binding","MF",102,20,0.000000000000000000000000408470163358578
