"","Term","Ont","N","DE","P.DE"
"GO:0005515","protein binding","MF",11807,370,0.00000000000000956767702043555
"GO:0019899","enzyme binding","MF",2217,102,0.000000000162639474366248
"GO:0005488","binding","MF",15267,425,0.00000000650668091224906
