"","Term","Ont","N","DE","P.DE"
"GO:0005515","protein binding","MF",11807,143,0.0000000037958809197919
"GO:0005488","binding","MF",15267,166,0.0000000238446683384495
"GO:0005201","extracellular matrix structural constituent","MF",163,12,0.0000000269912184080647
