"","Term","Ont","N","DE","P.DE"
"GO:0005515","protein binding","MF",11807,132,0.00000000192324057022726
"GO:0005488","binding","MF",15267,146,0.0000142862020979399
"GO:0019899","enzyme binding","MF",2217,35,0.0000810782953273711
