"","Term","Ont","N","DE","P.DE"
"GO:0004984","olfactory receptor activity","MF",427,92,1.48428048173913e-48
"GO:0004930","G protein-coupled receptor activity","MF",866,108,0.00000000000000000000000000000000106183493513544
"GO:0004888","transmembrane signaling receptor activity","MF",1277,125,0.000000000000000000000000000113759882616038
"GO:0038023","signaling receptor activity","MF",1484,134,0.00000000000000000000000000251507561356112
"GO:0060089","molecular transducer activity","MF",1538,136,0.0000000000000000000000000074273541044643
"GO:0005549","odorant binding","MF",102,31,0.0000000000000000000009937380124697
