"","Term","Ont","N","DE","P.DE"
"GO:0004984","olfactory receptor activity","MF",427,86,1.45167793860651e-74
"GO:0004930","G protein-coupled receptor activity","MF",866,89,3.9914923195763e-51
"GO:0004888","transmembrane signaling receptor activity","MF",1277,94,1.27669345844408e-41
"GO:0038023","signaling receptor activity","MF",1484,95,5.11031778854003e-37
"GO:0060089","molecular transducer activity","MF",1538,95,9.65087681079028e-36
"GO:0005549","odorant binding","MF",102,29,0.0000000000000000000000000000102303297114083
