"","Term","Ont","N","DE","P.DE"
"GO:0003676","nucleic acid binding","MF",4349,180,0.00000000000000000000000000000000165888580687533
"GO:1901363","heterocyclic compound binding","MF",6241,216,0.000000000000000000000000000000834904739741721
