"","Term","Ont","N","DE","P.DE"
"GO:0003676","nucleic acid binding","MF",4349,1222,1.97663016451223e-169
"GO:0003677","DNA binding","MF",2518,817,1.10193162216462e-141
"GO:1901363","heterocyclic compound binding","MF",6241,1483,6.71661453817961e-140
"GO:0097159","organic cyclic compound binding","MF",6328,1488,6.59510449737719e-136
