"","Term","Ont","N","DE","P.DE"
"GO:0005488","binding","MF",15267,2201,5.17393002302182e-36
"GO:0005515","protein binding","MF",11807,1787,0.00000000000000000000000000000000643880319998092
"GO:1901363","heterocyclic compound binding","MF",6241,1035,0.0000000000000000000000000251520480065747
"GO:0097159","organic cyclic compound binding","MF",6328,1044,0.0000000000000000000000000964420569096747
"GO:0003674","molecular_function","MF",17697,2417,0.00000000000000000000000604090992010912
"GO:0003677","DNA binding","MF",2518,481,0.000000000000000000000346326530618252
