"","Term","Ont","N","DE","P.DE"
"GO:0004984","olfactory receptor activity","MF",427,51,8.39585838814344e-39
"GO:0004930","G protein-coupled receptor activity","MF",866,54,0.00000000000000000000000001136909538769
"GO:0004888","transmembrane signaling receptor activity","MF",1277,56,0.0000000000000000000296396213766167
"GO:0038023","signaling receptor activity","MF",1484,58,0.00000000000000000126840814437429
"GO:0005549","odorant binding","MF",102,19,0.00000000000000000135526511913538
"GO:0060089","molecular transducer activity","MF",1538,58,0.0000000000000000067137055008414
