"","Term","Ont","N","DE","P.DE"
"GO:0005515","protein binding","MF",11807,86,0.0000000171895981548799
"GO:0003676","nucleic acid binding","MF",4349,47,0.0000000258895513487672
"GO:0003723","RNA binding","MF",1950,27,0.000000812965577911484
"GO:0005488","binding","MF",15267,96,0.000000901704697867634
"GO:1901363","heterocyclic compound binding","MF",6241,55,0.00000100579709136929
"GO:0097159","organic cyclic compound binding","MF",6328,55,0.0000016280418420989
