"","Term","Ont","N","DE","P.DE"
"GO:0004984","olfactory receptor activity","MF",427,8,0.000000000687823924874325
"GO:0004930","G protein-coupled receptor activity","MF",866,8,0.000000170756387051337
"GO:0004888","transmembrane signaling receptor activity","MF",1277,9,0.000000212662074512657
"GO:0038023","signaling receptor activity","MF",1484,9,0.000000764045837578687
"GO:0060089","molecular transducer activity","MF",1538,9,0.00000103374156420102
"GO:0005549","odorant binding","MF",102,4,0.00000131107663043931
