"","Term","Ont","N","DE","P.DE"
"GO:0003676","nucleic acid binding","MF",4349,124,0.00000000000000000000000281868672884672
"GO:1901363","heterocyclic compound binding","MF",6241,140,0.00000000000000000500065460883106
"GO:0097159","organic cyclic compound binding","MF",6328,141,0.00000000000000000613336077193773
