"","Term","Ont","N","DE","P.DE"
"GO:1901363","heterocyclic compound binding","MF",6241,157,0.00000000000000241283510603994
"GO:0097159","organic cyclic compound binding","MF",6328,157,0.00000000000000909993378913753
"GO:0003676","nucleic acid binding","MF",4349,122,0.0000000000000178145834681257
"GO:0005488","binding","MF",15267,275,0.0000000000000600702822093277
"GO:0005515","protein binding","MF",11807,234,0.000000000000125466865675672
