"","Term","Ont","N","DE","P.DE"
"GO:0004984","olfactory receptor activity","MF",427,118,8.69278875854253e-127
"GO:0004930","G protein-coupled receptor activity","MF",866,118,6.13062850453922e-88
"GO:0004888","transmembrane signaling receptor activity","MF",1277,119,2.22254395365213e-69
"GO:0038023","signaling receptor activity","MF",1484,120,5.03382210706916e-63
"GO:0060089","molecular transducer activity","MF",1538,120,2.80495937985373e-61
"GO:0005549","odorant binding","MF",102,30,0.0000000000000000000000000000000482428831546575
