"","Term","Ont","N","DE","P.DE"
"GO:0004984","olfactory receptor activity","MF",427,90,3.14028127019982e-74
"GO:0004930","G protein-coupled receptor activity","MF",866,94,1.51781726574083e-50
"GO:0004888","transmembrane signaling receptor activity","MF",1277,99,3.23154559583262e-40
"GO:0038023","signaling receptor activity","MF",1484,99,0.000000000000000000000000000000000122578664852874
"GO:0060089","molecular transducer activity","MF",1538,99,0.00000000000000000000000000000000241376551155011
"GO:0005549","odorant binding","MF",102,32,0.0000000000000000000000000000000246037555428042
