"","Term","Ont","N","DE","P.DE"
"GO:0003723","RNA binding","MF",1950,46,0.000000000000000019765908434111
"GO:0003676","nucleic acid binding","MF",4349,56,0.000000000435783603231863
