"","Term","Ont","N","DE","P.DE"
"GO:0004984","olfactory receptor activity","MF",427,35,2.87472923165683e-42
"GO:0004930","G protein-coupled receptor activity","MF",866,35,0.000000000000000000000000000000180207594475277
"GO:0004888","transmembrane signaling receptor activity","MF",1277,36,0.00000000000000000000000000518474355075439
"GO:0038023","signaling receptor activity","MF",1484,36,0.000000000000000000000000924822056644048
"GO:0060089","molecular transducer activity","MF",1538,36,0.00000000000000000000000314687253086324
"GO:0005549","odorant binding","MF",102,14,0.0000000000000000000887454298888744
