"","Term","Ont","N","DE","P.DE"
"GO:0003677","DNA binding","MF",2518,63,0.000000000000918834913112902
"GO:0005515","protein binding","MF",11807,162,0.00000000000780709924892548
