"","Term","Ont","N","DE","P.DE"
"GO:0003676","nucleic acid binding","MF",4349,1267,1.2565400171164e-156
"GO:1901363","heterocyclic compound binding","MF",6241,1548,2.01180706541654e-127
"GO:0097159","organic cyclic compound binding","MF",6328,1560,3.65434207000934e-126
"GO:0003677","DNA binding","MF",2518,826,1.4171324891942e-123
