"","Term","Ont","N","DE","P.DE"
"GO:0005515","protein binding","MF",11807,350,0.000000000000000000625255563321307
"GO:0005488","binding","MF",15267,403,0.00000000000000759628056771266
"GO:0003674","molecular_function","MF",17697,434,0.0000000000135683323765637
"GO:0043167","ion binding","MF",6218,202,0.000000000074840759938638
