"","Term","Ont","N","DE","P.DE"
"GO:0004984","olfactory receptor activity","MF",427,70,6.76367023522255e-73
"GO:0004930","G protein-coupled receptor activity","MF",866,70,5.42497128359586e-51
"GO:0004888","transmembrane signaling receptor activity","MF",1277,70,1.10351252573519e-39
"GO:0005549","odorant binding","MF",102,29,5.38790354010491e-37
"GO:0038023","signaling receptor activity","MF",1484,70,1.83863360864885e-35
"GO:0060089","molecular transducer activity","MF",1538,70,0.000000000000000000000000000000000179829458647626
