"","Term","Ont","N","DE","P.DE"
"GO:0005515","protein binding","MF",11807,933,1.13251159175597e-42
"GO:0005488","binding","MF",15267,1087,9.41528847011681e-35
