"","Term","Ont","N","DE","P.DE"
"GO:0003677","DNA binding","MF",2518,154,1.47645849810008e-41
"GO:0003676","nucleic acid binding","MF",4349,190,0.0000000000000000000000000000000380505332191623
"GO:0000981","DNA-binding transcription factor activity, RNA polymerase II-specific","MF",1600,109,0.000000000000000000000000000000041443036586735
"GO:0003700","DNA-binding transcription factor activity","MF",1699,112,0.0000000000000000000000000000000879483801884671
