"","Term","Ont","N","DE","P.DE"
"GO:0003676","nucleic acid binding","MF",4349,1333,2.26582663792452e-151
"GO:0003677","DNA binding","MF",2518,889,3.97903867381061e-132
"GO:1901363","heterocyclic compound binding","MF",6241,1649,2.25964032386259e-126
"GO:0097159","organic cyclic compound binding","MF",6328,1656,1.15125059364006e-122
