"","Term","Ont","N","DE","P.DE"
"GO:0005515","protein binding","MF",11807,716,0.000000000000000127838374568904
"GO:0005488","binding","MF",15267,869,0.000000000000000458300769188735
