"","Term","Ont","N","DE","P.DE"
"GO:0005515","protein binding","MF",11807,1845,2.58314770600163e-60
"GO:0005488","binding","MF",15267,2185,9.51435800294696e-48
