"","Term","Ont","N","DE","P.DE"
"GO:0004984","olfactory receptor activity","MF",427,67,1.86878921448256e-69
"GO:0004930","G protein-coupled receptor activity","MF",866,70,2.67057790048079e-52
"GO:0004888","transmembrane signaling receptor activity","MF",1277,71,5.13583318335019e-42
"GO:0038023","signaling receptor activity","MF",1484,71,1.08008357398355e-37
"GO:0060089","molecular transducer activity","MF",1538,71,1.11841079633676e-36
"GO:0005549","odorant binding","MF",102,26,0.0000000000000000000000000000000295992678116736
