"","Term","Ont","N","DE","P.DE"
"GO:0003676","nucleic acid binding","MF",4349,154,0.000000000000000000000497432611313374
"GO:0003677","DNA binding","MF",2518,102,0.0000000000000000171216762714648
