"","Term","Ont","N","DE","P.DE"
"GO:0004984","olfactory receptor activity","MF",427,57,3.04423415055388e-36
"GO:0004930","G protein-coupled receptor activity","MF",866,62,0.00000000000000000000000454660496894816
"GO:0004888","transmembrane signaling receptor activity","MF",1277,71,0.00000000000000000000350529208657781
"GO:0038023","signaling receptor activity","MF",1484,74,0.000000000000000000228797587624743
"GO:0060089","molecular transducer activity","MF",1538,74,0.00000000000000000171470019088254
"GO:0005549","odorant binding","MF",102,20,0.000000000000000121643496812356
"GO:0005132","type I interferon receptor binding","MF",17,9,0.00000000000113935841942339
