"","Term","Ont","N","DE","P.DE"
"GO:0005515","protein binding","MF",11807,541,0.0000000000000000000374694377684831
"GO:0005488","binding","MF",15267,635,0.000000000000000832910848659499
"GO:0003674","molecular_function","MF",17697,691,0.000000000010141616367296
