"","Term","Ont","N","DE","P.DE"
"GO:0005515","protein binding","MF",11807,489,0.00000000000000210927232872355
"GO:0005488","binding","MF",15267,581,0.000000000000808180481942542
