"","Term","Ont","N","DE","P.DE"
"GO:0005488","binding","MF",15267,3841,9.22683275505888e-103
"GO:0003677","DNA binding","MF",2518,959,7.18015843240898e-90
"GO:0003676","nucleic acid binding","MF",4349,1430,2.90304688779216e-84
