"","Term","Ont","N","DE","P.DE"
"GO:0003676","nucleic acid binding","MF",4349,1294,1.93511138186065e-159
"GO:0003677","DNA binding","MF",2518,886,6.36405434253346e-149
"GO:1901363","heterocyclic compound binding","MF",6241,1572,1.53878173684651e-125
"GO:0097159","organic cyclic compound binding","MF",6328,1579,3.89594084431397e-122
