"","Term","Ont","N","DE","P.DE"
"GO:0004984","olfactory receptor activity","MF",427,77,1.17864138290852e-71
"GO:0004930","G protein-coupled receptor activity","MF",866,79,5.05304282400433e-50
"GO:0004888","transmembrane signaling receptor activity","MF",1277,81,2.0429436154955e-39
"GO:0038023","signaling receptor activity","MF",1484,81,0.000000000000000000000000000000000112795032750453
"GO:0060089","molecular transducer activity","MF",1538,81,0.0000000000000000000000000000000014442140632427
"GO:0005549","odorant binding","MF",102,22,0.000000000000000000000302397053230537
