"","Term","Ont","N","DE","P.DE"
"GO:0005488","binding","MF",15267,3741,1.52013011381759e-107
"GO:0003676","nucleic acid binding","MF",4349,1433,3.06390096204662e-97
"GO:1901363","heterocyclic compound binding","MF",6241,1875,1.52005383684196e-93
"GO:0097159","organic cyclic compound binding","MF",6328,1889,1.30802509458075e-91
"GO:0003677","DNA binding","MF",2518,930,1.20786385949215e-86
