"","Term","Ont","N","DE","P.DE"
"GO:0003676","nucleic acid binding","MF",4349,303,0.000000000000000000000000000000163278867778814
"GO:0003677","DNA binding","MF",2518,201,0.0000000000000000000000000143170119754133
