"","Term","Ont","N","DE","P.DE"
"GO:0005515","protein binding","MF",11807,313,0.00000012883786331068
"GO:0003674","molecular_function","MF",17697,423,0.000000276268463068918
"GO:0005488","binding","MF",15267,380,0.000000323248338972121
