"","Term","Ont","N","DE","P.DE"
"GO:0005488","binding","MF",15267,1178,0.00000000000000000000000000440113023811511
"GO:1901363","heterocyclic compound binding","MF",6241,584,0.0000000000000000000000353906261081324
"GO:0097159","organic cyclic compound binding","MF",6328,587,0.000000000000000000000234436630555394
