"","Term","Ont","N","DE","P.DE"
"GO:0005488","binding","MF",15267,2421,1.22917592363872e-63
"GO:0003677","DNA binding","MF",2518,619,6.33833091580949e-57
