"","Term","Ont","N","DE","P.DE"
"GO:0003676","nucleic acid binding","MF",4349,454,0.00000000000000000000000000000000409699484693239
"GO:0003735","structural constituent of ribosome","MF",202,63,0.00000000000000000000000000179084045004373
"GO:0005488","binding","MF",15267,1111,0.0000000000000000000000000715557838662933
"GO:1901363","heterocyclic compound binding","MF",6241,564,0.000000000000000000000000210432075276121
