"","Term","Ont","N","DE","P.DE"
"GO:0004984","olfactory receptor activity","MF",427,6,0.00000000213937468453704
"GO:0004930","G protein-coupled receptor activity","MF",866,6,0.000000145956276285843
"GO:0004888","transmembrane signaling receptor activity","MF",1277,6,0.00000145569009068187
"GO:0038023","signaling receptor activity","MF",1484,6,0.00000352587946982634
"GO:0060089","molecular transducer activity","MF",1538,6,0.00000434975565619239
"GO:0005549","odorant binding","MF",102,2,0.000673931721013611
