"","Term","Ont","N","DE","P.DE"
"GO:0004984","olfactory receptor activity","MF",427,108,4.4304431838495e-74
"GO:0004930","G protein-coupled receptor activity","MF",866,109,1.32867186220308e-42
"GO:0004888","transmembrane signaling receptor activity","MF",1277,112,0.000000000000000000000000000040354418110939
"GO:0005549","odorant binding","MF",102,34,0.000000000000000000000000000510940417273668
"GO:0060089","molecular transducer activity","MF",1538,120,0.0000000000000000000000000122817669134152
"GO:0038023","signaling receptor activity","MF",1484,117,0.0000000000000000000000000247305296227226
