"","Term","Ont","N","DE","P.DE"
"GO:0005515","protein binding","MF",11807,874,0.0000000000000000000356055226741195
"GO:0005488","binding","MF",15267,1056,0.00000000000000000381494338225184
"GO:0003674","molecular_function","MF",17697,1169,0.000000000000000412286049220238
