"","Term","Ont","N","DE","P.DE"
"GO:0005515","protein binding","MF",11807,3075,1.79660269785567e-110
"GO:0005488","binding","MF",15267,3693,3.48464518392132e-108
"GO:0003676","nucleic acid binding","MF",4349,1436,5.31849028520133e-104
