"","Term","Ont","N","DE","P.DE"
"GO:0003682","chromatin binding","MF",546,43,0.000000000000668533504492974
"GO:0003677","DNA binding","MF",2518,110,0.00000000000122352901288485
