"","Term","Ont","N","DE","P.DE"
"GO:0003676","nucleic acid binding","MF",4349,1044,4.30181761283921e-109
"GO:1901363","heterocyclic compound binding","MF",6241,1283,3.32864157071809e-87
"GO:0003677","DNA binding","MF",2518,677,1.82789008221361e-86
"GO:0097159","organic cyclic compound binding","MF",6328,1291,1.90496477512689e-85
