"","Term","Ont","N","DE","P.DE"
"GO:0005515","protein binding","MF",11807,1973,1.23242898851143e-69
"GO:0005488","binding","MF",15267,2331,1.19988625695513e-55
