"","Term","Ont","N","DE","P.DE"
"GO:0005488","binding","MF",15267,687,0.00000000000167359513057103
"GO:0003674","molecular_function","MF",17697,757,0.000000000426586904418356
"GO:0005515","protein binding","MF",11807,545,0.0000000127302879343401
