"","Term","Ont","N","DE","P.DE"
"GO:0003676","nucleic acid binding","MF",4349,191,0.00000000000000000000000000236202876385519
"GO:0003677","DNA binding","MF",2518,137,0.00000000000000000000000000534605380303061
