"","Term","Ont","N","DE","P.DE"
"GO:0003676","nucleic acid binding","MF",4349,203,0.00000000000000000319971745602838
"GO:0003723","RNA binding","MF",1950,116,0.0000000000000000522398177677609
