"","Term","Ont","N","DE","P.DE"
"GO:1901363","heterocyclic compound binding","MF",6241,209,0.0000000000339838605499797
"GO:0097159","organic cyclic compound binding","MF",6328,210,0.0000000000716206004908932
"GO:0005488","binding","MF",15267,398,0.00000000990041142993778
"GO:0003676","nucleic acid binding","MF",4349,149,0.0000000350001209532672
"GO:0003674","molecular_function","MF",17697,437,0.000000408126518872342
"GO:0046872","metal ion binding","MF",4189,135,0.00000677440518291304
"GO:0043169","cation binding","MF",4279,136,0.0000127738016902102
"GO:0043167","ion binding","MF",6218,184,0.0000157983597221294
