"","Term","Ont","N","DE","P.DE"
"GO:0003676","nucleic acid binding","MF",4349,450,0.000000000000000000000000000000083637690376466
"GO:0005488","binding","MF",15267,1115,0.00000000000000000000000000280267435313999
