"","Term","Ont","N","DE","P.DE"
"GO:0005515","protein binding","MF",11807,1977,1.34083224650086e-64
"GO:0005488","binding","MF",15267,2339,5.26244341417729e-50
