"","Term","Ont","N","DE","P.DE"
"GO:0005515","protein binding","MF",11807,1063,1.59514018519405e-40
"GO:0005488","binding","MF",15267,1258,3.91835336845177e-36
