"","Term","Ont","N","DE","P.DE"
"GO:0003676","nucleic acid binding","MF",4349,1674,3.84532335260297e-214
"GO:1901363","heterocyclic compound binding","MF",6241,2066,2.63349864162956e-179
"GO:0097159","organic cyclic compound binding","MF",6328,2077,3.0974508200327e-175
"GO:0003677","DNA binding","MF",2518,1085,5.58366470965179e-168
