"","Term","Ont","N","DE","P.DE"
"GO:0005515","protein binding","MF",11807,1374,5.33627591516449e-36
"GO:0003674","molecular_function","MF",17697,1835,0.00000000000000000000000000000000201554508756034
"GO:0005488","binding","MF",15267,1655,0.00000000000000000000000000000000564385108965056
