"","Term","Ont","N","DE","P.DE"
"GO:0003676","nucleic acid binding","MF",4349,327,0.0000000000000000000000000000866577755486841
"GO:1901363","heterocyclic compound binding","MF",6241,412,0.0000000000000000000000000981921256624979
"GO:0097159","organic cyclic compound binding","MF",6328,415,0.000000000000000000000000225713038625652
