"","Term","Ont","N","DE","P.DE"
"GO:0003676","nucleic acid binding","MF",4349,1158,1.66184835028521e-116
"GO:0003677","DNA binding","MF",2518,790,3.14053845835904e-112
"GO:1901363","heterocyclic compound binding","MF",6241,1436,1.83297341958007e-95
"GO:0097159","organic cyclic compound binding","MF",6328,1444,4.09774606414382e-93
