"","Term","Ont","N","DE","P.DE"
"GO:0005515","protein binding","MF",11807,1155,4.94712657013487e-38
"GO:0005488","binding","MF",15267,1367,0.000000000000000000000000000000862352213905045
