"","Term","Ont","N","DE","P.DE"
"GO:0005515","protein binding","MF",11807,2205,5.35070172166577e-74
"GO:0005488","binding","MF",15267,2641,1.0441272035521e-69
