"","Term","Ont","N","DE","P.DE"
"GO:0005488","binding","MF",15267,1078,0.000000000000000000942983041365499
"GO:0005515","protein binding","MF",11807,883,0.00000000000000000153214556257187
