"","Term","Ont","N","DE","P.DE"
"GO:0004984","olfactory receptor activity","MF",427,56,1.37634023658761e-57
"GO:0004930","G protein-coupled receptor activity","MF",866,56,2.51905738083452e-40
"GO:0004888","transmembrane signaling receptor activity","MF",1277,59,0.000000000000000000000000000000000164705232127853
"GO:0038023","signaling receptor activity","MF",1484,59,0.000000000000000000000000000000602274829590836
"GO:0060089","molecular transducer activity","MF",1538,59,0.00000000000000000000000000000413586513146502
"GO:0005549","odorant binding","MF",102,23,0.0000000000000000000000000000530764578949933
