"","Term","Ont","N","DE","P.DE"
"GO:0003676","nucleic acid binding","MF",4349,38,0.00000000000210881827884483
"GO:0003723","RNA binding","MF",1950,25,0.0000000000478299175338595
"GO:1901363","heterocyclic compound binding","MF",6241,41,0.00000000164244493303397
"GO:0097159","organic cyclic compound binding","MF",6328,41,0.00000000259586207273807
"GO:0003730","mRNA 3'-UTR binding","MF",91,7,0.00000000860282727360134
