"","Term","Ont","N","DE","P.DE"
"GO:0000149","SNARE binding","MF",110,8,0.0000000712936380125679
"GO:0019905","syntaxin binding","MF",75,7,0.0000000864711038749307
"GO:0017075","syntaxin-1 binding","MF",26,5,0.000000159623754731307
