"","Term","Ont","N","DE","P.DE"
"GO:0003676","nucleic acid binding","MF",4349,539,4.82434607452628e-43
"GO:0005488","binding","MF",15267,1314,1.89455294225053e-40
"GO:0003677","DNA binding","MF",2518,354,3.46363562810935e-37
