"","Term","Ont","N","DE","P.DE"
"GO:0003676","nucleic acid binding","MF",4349,392,1.16094544665177e-37
"GO:0003677","DNA binding","MF",2518,260,0.000000000000000000000000000000029207891231514
"GO:1901363","heterocyclic compound binding","MF",6241,483,0.000000000000000000000000000000705195225974988
"GO:0097159","organic cyclic compound binding","MF",6328,486,0.00000000000000000000000000000277673378819233
"GO:0000981","DNA-binding transcription factor activity, RNA polymerase II-specific","MF",1600,185,0.000000000000000000000000000326827722942956
"GO:0003700","DNA-binding transcription factor activity","MF",1699,192,0.000000000000000000000000000468183176725297
"GO:0140110","transcription regulator activity","MF",2053,215,0.00000000000000000000000000510604146763207
