"","Term","Ont","N","DE","P.DE"
"GO:0004984","olfactory receptor activity","MF",427,17,0.0000000000000143855827987886
"GO:0004930","G protein-coupled receptor activity","MF",866,21,0.000000000000114941363863542
"GO:0004888","transmembrane signaling receptor activity","MF",1277,21,0.000000000179237860468686
"GO:0060089","molecular transducer activity","MF",1538,22,0.000000000821792542823385
"GO:0038023","signaling receptor activity","MF",1484,21,0.0000000027406041066171
