"","Term","Ont","N","DE","P.DE"
"GO:0003676","nucleic acid binding","MF",4349,1632,1.23133957149324e-192
"GO:1901363","heterocyclic compound binding","MF",6241,2025,1.62760119483122e-161
"GO:0097159","organic cyclic compound binding","MF",6328,2038,1.59139191226724e-158
"GO:0003677","DNA binding","MF",2518,1064,1.65323094228606e-156
