"","Term","Ont","N","DE","P.DE"
"GO:0005515","protein binding","MF",11807,291,0.00000163952468410489
"GO:0005524","ATP binding","MF",1473,55,0.0000150069417058933
"GO:0001228","DNA-binding transcription activator activity, RNA polymerase II-specific","MF",439,24,0.0000168639918179614
"GO:0003674","molecular_function","MF",17697,393,0.0000270404297436702
"GO:0000166","nucleotide binding","MF",2125,71,0.0000330760900732018
"GO:1901265","nucleoside phosphate binding","MF",2126,71,0.000033582329415081
