"","Term","Ont","N","DE","P.DE"
"GO:0004984","olfactory receptor activity","MF",427,65,3.50240631023502e-56
"GO:0004930","G protein-coupled receptor activity","MF",866,67,1.38823825296919e-38
"GO:0004888","transmembrane signaling receptor activity","MF",1277,72,0.0000000000000000000000000000000130875790727763
"GO:0038023","signaling receptor activity","MF",1484,72,0.000000000000000000000000000173331794068721
"GO:0060089","molecular transducer activity","MF",1538,72,0.00000000000000000000000000158318897516584
