"","Term","Ont","N","DE","P.DE"
"GO:0005515","protein binding","MF",11807,800,0.000000000000000000000000104565785310213
"GO:0005488","binding","MF",15267,946,0.0000000000000000000242414915617516
