"","Term","Ont","N","DE","P.DE"
"GO:0003676","nucleic acid binding","MF",4349,1326,1.41245562402027e-113
"GO:0005488","binding","MF",15267,3249,1.29257467967892e-97
"GO:1901363","heterocyclic compound binding","MF",6241,1671,1.49133674373371e-94
"GO:0005515","protein binding","MF",11807,2692,4.57973122181252e-93
"GO:0097159","organic cyclic compound binding","MF",6328,1683,1.01747260220207e-92
