"","Term","Ont","N","DE","P.DE"
"GO:0005488","binding","MF",15267,2458,5.08510807514164e-60
"GO:0003674","molecular_function","MF",17697,2685,1.34181759456917e-46
"GO:0005515","protein binding","MF",11807,1937,0.00000000000000000000000000000000032370058355242
