"","Term","Ont","N","DE","P.DE"
"GO:0005515","protein binding","MF",11807,1547,0.00000000000000000000000000000283168707574967
"GO:0005488","binding","MF",15267,1859,0.00000000000000000000073942031097621
