"","Term","Ont","N","DE","P.DE"
"GO:0003677","DNA binding","MF",2518,88,0.0000000000000000000329825649874419
"GO:0003676","nucleic acid binding","MF",4349,120,0.0000000000000000000537892448059566
"GO:1901363","heterocyclic compound binding","MF",6241,143,0.0000000000000000326189612565211
"GO:0097159","organic cyclic compound binding","MF",6328,144,0.000000000000000041867681752268
"GO:0140110","transcription regulator activity","MF",2053,72,0.000000000000000257718404588799
