"","Term","Ont","N","DE","P.DE"
"GO:0003676","nucleic acid binding","MF",4349,1333,1.56568472169705e-178
"GO:1901363","heterocyclic compound binding","MF",6241,1625,2.3870430079996e-147
"GO:0097159","organic cyclic compound binding","MF",6328,1637,8.3626882307815e-146
"GO:0003677","DNA binding","MF",2518,874,8.43946516401664e-142
