"","Term","Ont","N","DE","P.DE"
"GO:0005515","protein binding","MF",11807,447,0.000000000000000105760145462369
"GO:0005488","binding","MF",15267,526,0.000000000000154150770911269
"GO:0003674","molecular_function","MF",17697,574,0.0000000000645949612952857
"GO:0043167","ion binding","MF",6218,258,0.000000000105536440000061
