"","Term","Ont","N","DE","P.DE"
"GO:0004984","olfactory receptor activity","MF",427,34,0.00000000000000000000000222185583437452
"GO:0004930","G protein-coupled receptor activity","MF",866,35,0.00000000000000120285832220555
"GO:0005549","odorant binding","MF",102,15,0.00000000000000323266961506304
"GO:0004888","transmembrane signaling receptor activity","MF",1277,36,0.0000000000201069697497415
