"","Term","Ont","N","DE","P.DE"
"GO:0005488","binding","MF",15267,2774,1.55553877856026e-63
"GO:0005515","protein binding","MF",11807,2266,1.52333411106315e-56
"GO:0003674","molecular_function","MF",17697,3040,1.5629443271925e-50
