"","Term","Ont","N","DE","P.DE"
"GO:0003676","nucleic acid binding","MF",4349,235,5.68253276568045e-39
"GO:0097159","organic cyclic compound binding","MF",6328,281,0.00000000000000000000000000000000700626050571997
