"","Term","Ont","N","DE","P.DE"
"GO:0005515","protein binding","MF",11807,268,0.000000000186609066002597
"GO:0005488","binding","MF",15267,319,0.000000000759662315931658
"GO:0003700","DNA-binding transcription factor activity","MF",1699,66,0.00000000122464654412169
"GO:0140110","transcription regulator activity","MF",2053,74,0.0000000027016105943779
"GO:0003677","DNA binding","MF",2518,84,0.00000000687560940082765
"GO:0003674","molecular_function","MF",17697,348,0.0000000112221634303505
"GO:0003676","nucleic acid binding","MF",4349,122,0.0000000346231042103476
