"","Term","Ont","N","DE","P.DE"
"GO:0004984","olfactory receptor activity","MF",427,93,1.29277141632083e-67
"GO:0004930","G protein-coupled receptor activity","MF",866,94,1.13379986212519e-40
"GO:0004888","transmembrane signaling receptor activity","MF",1277,98,0.00000000000000000000000000000820997846055427
"GO:0005549","odorant binding","MF",102,31,0.0000000000000000000000000014182498378052
"GO:0038023","signaling receptor activity","MF",1484,101,0.0000000000000000000000000142387676267694
"GO:0060089","molecular transducer activity","MF",1538,101,0.000000000000000000000000233033616342328
