"","Term","Ont","N","DE","P.DE"
"GO:0019899","enzyme binding","MF",2217,41,0.00000000000381147802437011
"GO:0005515","protein binding","MF",11807,97,0.0000000109347020403161
"GO:0051020","GTPase binding","MF",541,17,0.0000000136555966590583
"GO:0017016","Ras GTPase binding","MF",429,14,0.000000181622856992295
"GO:0031267","small GTPase binding","MF",443,14,0.000000268063212546728
