"","Term","Ont","N","DE","P.DE"
"GO:0005515","protein binding","MF",11807,136,0.000000000235577249659186
"GO:0005488","binding","MF",15267,152,0.00000037733783018762
