"","Term","Ont","N","DE","P.DE"
"GO:0005515","protein binding","MF",11807,164,0.00000000699851167303169
"GO:0005488","binding","MF",15267,191,0.000000124451585522387
"GO:0003674","molecular_function","MF",17697,207,0.000000955775504972485
"GO:0015631","tubulin binding","MF",336,14,0.0000134716665588391
"GO:0008092","cytoskeletal protein binding","MF",977,25,0.000036341200694385
