"","Term","Ont","N","DE","P.DE"
"GO:0004984","olfactory receptor activity","MF",427,44,5.63061424045623e-39
"GO:0004930","G protein-coupled receptor activity","MF",866,45,0.00000000000000000000000000633039119787166
"GO:0004888","transmembrane signaling receptor activity","MF",1277,47,0.000000000000000000000856953612515134
"GO:0038023","signaling receptor activity","MF",1484,49,0.00000000000000000000921807948496053
"GO:0060089","molecular transducer activity","MF",1538,49,0.0000000000000000000418441272243685
"GO:0005549","odorant binding","MF",102,17,0.000000000000000000616696615942533
