"","Term","Ont","N","DE","P.DE"
"GO:0005515","protein binding","MF",11807,1624,4.30840148559694e-38
"GO:0005488","binding","MF",15267,1945,0.0000000000000000000000000000291976108822691
"GO:0003674","molecular_function","MF",17697,2164,0.00000000000000000000000000301157101979941
