"","Term","Ont","N","DE","P.DE"
"GO:0006518","peptide metabolic process","BP",894,38,0.00000000350361226254975
"GO:0006412","translation","BP",714,33,0.00000000548025727959744
"GO:0043043","peptide biosynthetic process","BP",739,33,0.0000000126514521618041
"GO:0043603","cellular amide metabolic process","BP",1157,43,0.00000001610129908551
"GO:0043604","amide biosynthetic process","BP",876,36,0.0000000223230869417024
"GO:0051641","cellular localization","BP",2927,79,0.0000000225873788732382
"GO:0072594","establishment of protein localization to organelle","BP",549,27,0.0000000414743519906453
"GO:1901564","organonitrogen compound metabolic process","BP",7040,146,0.000000148646894947029
