"","Term","Ont","N","DE","P.DE"
"GO:0006996","organelle organization","BP",3885,697,0.000000000000000000000000428086260157634
"GO:0051276","chromosome organization","BP",1230,278,0.0000000000000000000000645470643489524
