"","Term","Ont","N","DE","P.DE"
"GO:0016032","viral process","BP",833,74,0.000000000000553081893854613
"GO:0044403","symbiont process","BP",884,76,0.00000000000136118381570708
"GO:0016043","cellular component organization","BP",6512,322,0.00000000000235226334239423
"GO:0071840","cellular component organization or biogenesis","BP",6697,329,0.00000000000253588272337649
"GO:0006996","organelle organization","BP",3885,215,0.00000000000437219123164812
"GO:0044419","interspecies interaction between organisms","BP",932,76,0.0000000000180805159717025
