"","Term","Ont","N","DE","P.DE"
"GO:0006996","organelle organization","BP",3885,165,0.000000000000168676462655977
"GO:0016310","phosphorylation","BP",2417,116,0.00000000000125529617470236
"GO:0044267","cellular protein metabolic process","BP",5276,202,0.00000000000228545401517097
"GO:0044260","cellular macromolecule metabolic process","BP",8352,283,0.00000000000605266699339322
"GO:0006464","cellular protein modification process","BP",4160,166,0.0000000000285646499414211
"GO:0036211","protein modification process","BP",4160,166,0.0000000000285646499414211
"GO:0009057","macromolecule catabolic process","BP",1396,77,0.0000000000294723507363051
"GO:0044265","cellular macromolecule catabolic process","BP",1162,66,0.000000000276177034332877
